Part,Quantity,Distributor
707EX,1,Mouser
2032187,1,Mouser
FLUKE-435/003,1,Mouser
2654746,1,Mouser
FVF-SC2,2,Mouser
1576734,2,Mouser
FVF-SC3,2,Mouser
1675167,2,Mouser
TL935,4,Mouser
1616698,4,Mouser
TL80A,15,Mouser
1277086,15,Mouser
SATURN GEO-PLUS,4,Mouser
2540325,4,Mouser
TL81A,7,Mouser
1277073,7,Mouser
FLUKE-1LAC-A-II,10,Mouser
2433021,10,Mouser
NK4 SHT EXT 300A,2,Mouser
2539855,2,Mouser
TL223,9,Mouser
2003633,9,Mouser
TL221,4,Mouser
2003602,4,Mouser
TL225,3,Mouser
2429268,3,Mouser
TL224,26,Mouser
1610198,26,Mouser
TL220,4,Mouser
2003625,4,Mouser
TL222,20,Mouser
2003616,20,Mouser
TL238,1,Mouser
2132831,1,Mouser
FLUKE-718 30US,2,Mouser
665075,2,Mouser
FLUKE-337-FB,16,Mouser
2791404,16,Mouser
FLUKE-199C/003S,2,Mouser
1635567,2,Mouser
FLUKE-433/003,1,Mouser
2277055,1,Mouser
HC120,2,Mouser
646668,2,Mouser
PM9082/001,1,Mouser
916163,1,Mouser
I1010,1,Mouser
617735,1,Mouser
BC190/803,1,Mouser
677385,1,Mouser
MT-8200-63A,8,Mouser
2084131,8,Mouser
MT-8200-61A,1,Mouser
2084122,1,Mouser
FLUKE 77-4,1,Mouser
2727486,1,Mouser
FLUKE-179/61 KIT,5,Mouser
2104777,5,Mouser
FLUKE-73-III,7,Mouser
649092,7,Mouser
FLUKE-700PA5,1,Mouser
612223,1,Mouser
FLUKE-700PA6,1,Mouser
612231,1,Mouser
TPAK,12,Mouser
1281997,12,Mouser
FLUKE-700P05,1,Mouser
936026,1,Mouser
FLUKE-700P08,1,Mouser
936042,1,Mouser
FLUKE-700P06,1,Mouser
936034,1,Mouser
740670,24,Mouser
740670,24,Mouser
VR101S/003,2,Mouser
664992,2,Mouser
FLUKE-Y200F,2,Mouser
2423249,2,Mouser
FLUKE-Y200H,2,Mouser
2423236,2,Mouser
FLUKE-54-2 60HZ,2,Mouser
674697,2,Mouser
887307,10,Mouser
887307,10,Mouser
80T-150U,3,Mouser
779363,3,Mouser
ANALYST 2060,2,Mouser
2539053,2,Mouser
VR101/003,1,Mouser
664987,1,Mouser
80PR-60,4,Mouser
2148313,4,Mouser
AC72,20,Mouser
1670095,20,Mouser
FLUKE-52-2 60HZ,2,Mouser
674689,2,Mouser
TLK-225,7,Mouser
2097031,7,Mouser
TLK-220,2,Mouser
2097010,2,Mouser
BP-189,3,Mouser
2407248,3,Mouser
BP7235,1,Mouser
668225,1,Mouser
TP38,1,Mouser
1541636,1,Mouser
SAT 100 PLUS CH,2,Mouser
2540279,2,Mouser
TP220,17,Mouser
1670056,17,Mouser
I2000PQ4,1,Mouser
2406566,1,Mouser
80PJ-EXT,1,Mouser
1288234,1,Mouser
FLUKE-51-2 60HZ,1,Mouser
674686,1,Mouser
TL71,31,Mouser
1274382,31,Mouser
TL75,27,Mouser
855705,27,Mouser
TL40,33,Mouser
1590606,33,Mouser
NK4 CAB SHT PLAN,2,Mouser
2539658,2,Mouser
N4K CAB SHT EXT,2,Mouser
2539647,2,Mouser
FLUKE-53-2 60HZ,2,Mouser
674694,2,Mouser
C1600,1,Mouser
2091049,1,Mouser
AC220,11,Mouser
1610103,11,Mouser
AC280,18,Mouser
1610115,18,Mouser
AC285,11,Mouser
1610159,11,Mouser
AC283,1,Mouser
1610144,1,Mouser
826214,3,Mouser
803293,55,Mouser
803293,55,Mouser
WC100,2,Mouser
2157607,2,Mouser
80PK-8,2,Mouser
200360,2,Mouser
80PK-1,36,Mouser
750422,36,Mouser
I410-KIT,1,Mouser
2097005,1,Mouser
FLUKE T5-600 USA,3,Mouser
648227,3,Mouser
FLUKE-1503,2,Mouser
2427883,2,Mouser
1587,17,Mouser
2157271,17,Mouser
FLUKE-718 100U,1,Mouser
665080,1,Mouser
FLUKE-724,1,Mouser
1553041,1,Mouser
FLUKE-726,1,Mouser
2452080,1,Mouser
FLUKE-744 120,1,Mouser
662756,1,Mouser
FLUKE-789,2,Mouser
1633984,2,Mouser
FLUKE-787,2,Mouser
619913,2,Mouser
FLUKE-179/TPAK,6,Mouser
1780000,6,Mouser
1577,8,Mouser
2157280,8,Mouser
I1010-KIT,2,Mouser
2096998,2,Mouser
C25,21,Mouser
681114,21,Mouser
C90,3,Mouser
466029,3,Mouser
C50,2,Mouser
762823,2,Mouser
MEMOBOX 808A,2,Mouser
2539590,2,Mouser
FLUKE-322,3,Mouser
1613434,3,Mouser
80TK,9,Mouser
736736,9,Mouser
80BK,14,Mouser
1273124,14,Mouser
FLUKE-335,4,Mouser
1572622,4,Mouser
FLUKE-337,10,Mouser
1572605,10,Mouser
FLUKE-334,2,Mouser
1572646,2,Mouser
80AK,3,Mouser
919860,3,Mouser
VPS200-G,1,Mouser
1586366,1,Mouser
T5-1000 USA,3,Mouser
648219,3,Mouser
FLUKE-574,1,Mouser
2436612,1,Mouser
FLUKE-576,1,Mouser
2436658,1,Mouser
FLUKE-572,1,Mouser
2436583,1,Mouser
FLUKE-1743-60HZ,1,Mouser
2583446,1,Mouser
FLUKE-1745-60HZ,1,Mouser
2583468,1,Mouser
FLUKE-1744-60HZ,1,Mouser
2583422,1,Mouser
HANDY GEO,1,Mouser
2539238,1,Mouser
FLUKE-116/62,4,Mouser
2583686,4,Mouser
FLUKE-971,3,Mouser
2418208,3,Mouser
BP881,4,Mouser
2151015,4,Mouser
LPAK,3,Mouser
FLUKE-189,16,Mouser
1567751,16,Mouser
FLUKE-187,9,Mouser
1567749,9,Mouser
FLUKE-177 ESFP,13,Mouser
1564560,13,Mouser
FLUKE-179 ESFP,26,Mouser
1564549,26,Mouser
FLUKE-175,11,Mouser
1564551,11,Mouser
FLUKE-117,6,Mouser
2538815,6,Mouser
FLUKE-115,20,Mouser
2538790,20,Mouser
FLUKE-114,15,Mouser
2538783,15,Mouser
FLUKE-116,3,Mouser
2538803,3,Mouser
PV350,2,Mouser
919811,2,Mouser
BP190,1,Mouser
677390,1,Mouser
FLUKE-199B/003S,3,Mouser
1635220,3,Mouser
FLUKE-1623,1,Mouser
2571250,1,Mouser
80PK-3A,2,Mouser
874610,2,Mouser
FLUKE-1625,2,Mouser
2571664,2,Mouser
FOM,1,Mouser
200428,1,Mouser
ANALYST 3P,2,Mouser
2539075,2,Mouser
203406,1,Mouser
203406,1,Mouser
203414,6,Mouser
203414,6,Mouser
I400S,1,Mouser
2277202,1,Mouser
FLUKE-117/322,1,Mouser
2583702,1,Mouser
MT-8202-05,2,Mouser
2084146,2,Mouser
MT-8202-04,1,Mouser
1667924,1,Mouser
N4K SHT EXT 1000A,2,Mouser
2539828,2,Mouser
FLUKE-87-V,17,Mouser
2074974,17,Mouser
TP4,3,Mouser
650895,3,Mouser
FLUKE-199C/003,2,Mouser
1635395,2,Mouser
FLUKE-196B/003,2,Mouser
1634372,2,Mouser
FLUKE-179/EDAKIT,10,Mouser
1998963,10,Mouser
FLUKE-1AC-A1-II,38,Mouser
2432932,38,Mouser
FLUKE-179/1ACKIT,4,Mouser
1998942,4,Mouser
8845A,1,Mouser
2441853,1,Mouser
FLUKE-282,5,Mouser
2423164,5,Mouser
FLUKE-284,1,Mouser
2423199,1,Mouser
FLUKE-281,1,Mouser
2423135,1,Mouser
MT-8203-17,1,Mouser
1667960,1,Mouser
MT-8203-15,1,Mouser
1667949,1,Mouser
MT-8203-16,1,Mouser
1667951,1,Mouser
FLUKE-271,7,Mouser
2423224,7,Mouser
943121,30,Mouser
943121,30,Mouser
T5-H5-1AC KIT/US,1,Mouser
2098633,1,Mouser
NK4 SHT EXT 1500A,2,Mouser
2539843,2,Mouser
80K-40,1,Mouser
382846,1,Mouser
FLUKE 179/EDA2 KIT,8,Mouser
2718166,8,Mouser
MEMOBOX 300A,2,Mouser
2539576,2,Mouser
MEMOBOX 300P,2,Mouser
2539583,2,Mouser
FLUKE-1587-ET,5,Mouser
2509646,5,Mouser
80I-110S,4,Mouser
114519,4,Mouser
80PK-EXT,3,Mouser
1288241,3,Mouser
I400,5,Mouser
2277225,5,Mouser
I410,2,Mouser
617727,2,Mouser
FLUKE-1587-MDT,10,Mouser
2509654,10,Mouser
LH2015,3,Mouser
2539315,3,Mouser
PM8907/803,1,Mouser
614005,1,Mouser
80PK-24,2,Mouser
2098691,2,Mouser
80PK-27,2,Mouser
2098723,2,Mouser
FLUKE-196B/003S,3,Mouser
1634542,3,Mouser
FLUKE-1623-KIT,1,Mouser
2571245,1,Mouser
FLUKE-337A,3,Mouser
2411216,3,Mouser
FLUKE-336A,1,Mouser
2412414,1,Mouser
FLUKE-SW200ARB,7,Mouser
2423005,7,Mouser
TLS430,1,Mouser
2157713,1,Mouser
LH41,7,Mouser
2539332,7,Mouser
FLUKE-68IS,1,Mouser
2442010,1,Mouser
FLUKE-189/FVF2,5,Mouser
2417633,5,Mouser
FLUKE-434/003,4,Mouser
2162281,4,Mouser
C101,1,Mouser
2437514,1,Mouser
C125,1,Mouser
646858,1,Mouser
MT-8200-32A,3,Mouser
2103074,3,Mouser
C550,1,Mouser
1547919,1,Mouser
C510,3,Mouser
1547885,3,Mouser
SW90W,2,Mouser
1641990,2,Mouser
FLUKE-199B/003,2,Mouser
1635050,2,Mouser
FLUKE-43B/003,2,Mouser
1615345,2,Mouser
L210,2,Mouser
2096379,2,Mouser
FLUKE-27 YEL,2,Mouser
739169,2,Mouser
FLUKE-63,5,Mouser
2148281,5,Mouser
FLUKE-65,1,Mouser
670593,1,Mouser
FLUKE-68,2,Mouser
2148308,2,Mouser
FLUKE-62,6,Mouser
2433868,6,Mouser
H5,1,Mouser
649365,1,Mouser
871215,7,Mouser
871215,7,Mouser
MT-8200-50A,1,Mouser
2084073,1,Mouser
MT-8200-51A,3,Mouser
2084086,3,Mouser
871207,4,Mouser
871207,4,Mouser
MT-8200-53A,3,Mouser
2084099,3,Mouser
C789,1,Mouser
946694,1,Mouser
LVD2,1,Mouser
2740300,1,Mouser
LVD1,44,Mouser
2139415,44,Mouser
C12A,6,Mouser
930529,6,Mouser
MT-8200-49A,1,Mouser
2103088,1,Mouser
FLUKE-87-5/E2,3,Mouser
2670150,3,Mouser
LK60,1,Mouser
2539344,1,Mouser
